Conserved Residue,Conservation
M,0.037037037037037035
Q,0.037037037037037035
Y,0.7407407407407407
K,0.7407407407407407
L,0.7407407407407407
I,0.2962962962962963
L,0.4074074074074074
N,0.37037037037037035
G,0.7037037037037037
K,0.37037037037037035
T,0.7407407407407407
L,0.3333333333333333
K,0.3333333333333333
G,0.7037037037037037
E,0.6666666666666666
T,0.7037037037037037
T,0.4074074074074074
T,0.6666666666666666
E,0.3333333333333333
A,0.6666666666666666
V,0.7037037037037037
D,0.6296296296296297
A,0.6666666666666666
A,0.7037037037037037
T,0.3333333333333333
A,0.7407407407407407
E,0.7037037037037037
K,0.3333333333333333
V,0.3333333333333333
F,0.7037037037037037
K,0.3333333333333333
Q,0.3333333333333333
Y,0.6666666666666666
A,0.6296296296296297
N,0.6666666666666666
D,0.3333333333333333
N,0.6666666666666666
G,0.6666666666666666
V,0.7407407407407407
D,0.6296296296296297
G,0.6666666666666666
E,0.3333333333333333
W,0.6666666666666666
T,0.4074074074074074
Y,0.6666666666666666
D,0.6666666666666666
D,0.3333333333333333
A,0.6296296296296297
T,0.7037037037037037
K,0.6296296296296297
T,0.6666666666666666
F,0.7037037037037037
T,0.6666666666666666
V,0.6666666666666666
T,0.6666666666666666
E,0.7037037037037037
